# ifct,fnnb1,fnnb2,fnnb3,vnnb1,vnnb2,vnnb...
1,2,26,83,24,25,29,84,93,95,127,128
2,1,29,127,26,27,28,83,84,128,135,136
3,4,20,41,18,19,23,42,51,53,85,86
4,3,23,85,20,21,22,41,42,86,91,92
5,6,14,169,12,13,17,43,44,170,179,181
6,5,17,43,14,15,16,44,49,50,169,170
7,8,11,171,9,10,32,129,130,172,177,178
8,7,32,129,11,30,31,130,137,139,171,172
9,10,12,177,7,11,13,34,37,171,178,179,180
10,9,11,37,7,12,13,31,32,34,38,171,177,178
11,7,10,32,8,9,31,37,38,171,177,178
12,9,13,179,5,10,14,34,37,169,177,180,181
13,12,14,34,5,9,10,16,17,33,37,169,179,181
14,5,13,17,6,12,16,33,34,169,179,181
15,16,18,49,6,17,19,33,35,43,50,51,52
16,15,17,33,6,13,14,18,19,34,35,43,49,50
17,6,14,16,5,13,15,33,34,43,49,50
18,15,19,51,3,16,20,33,35,41,49,52,53
19,18,20,35,3,15,16,22,23,33,36,41,51,53
20,3,19,23,4,18,22,35,36,41,51,53
21,22,24,91,4,23,25,36,39,85,92,93,94
22,21,23,36,4,19,20,24,25,35,39,85,91,92
23,4,20,22,3,19,21,35,36,85,91,92
24,21,25,93,1,22,26,36,39,83,91,94,95
25,24,26,39,1,21,22,28,29,36,40,83,93,95
26,1,25,29,2,24,28,39,40,83,93,95
27,28,30,135,2,29,31,38,40,127,136,137,138
28,27,29,40,2,25,26,30,31,38,39,127,135,136
29,2,26,28,1,25,27,39,40,127,135,136
30,27,31,137,8,28,32,38,40,129,135,138,139
31,30,32,38,8,10,11,27,28,37,40,129,137,139
32,8,11,31,7,10,30,37,38,129,137,139
33,16,34,35,13,14,15,17,18,19,36,37,38,39,40
34,13,33,37,9,10,12,14,16,17,35,36,38,39,40
35,19,33,36,15,16,18,20,22,23,34,37,38,39,40
36,22,35,39,19,20,21,23,24,25,33,34,37,38,40
37,10,34,38,9,11,12,13,31,32,33,35,36,39,40
38,31,37,40,10,11,27,28,30,32,33,34,35,36,39
39,25,36,40,21,22,24,26,28,29,33,34,35,37,38
40,28,38,39,25,26,27,29,30,31,33,34,35,36,37
41,3,42,53,4,18,19,20,51,65,81,82,85,86
42,41,65,86,3,4,53,64,81,82,85,101,102
43,6,44,50,5,15,16,17,49,60,75,169,170
44,43,60,170,5,6,50,59,75,169,187,188
45,46,55,211,54,63,77,173,174,212,219,220,221
46,45,63,174,55,61,77,173,189,211,212
47,48,56,213,57,68,69,87,88,214,222,223,224
48,47,68,88,56,57,66,69,87,103,105,213,214
49,15,50,52,6,16,17,18,43,51,74,75,80
50,43,49,75,6,15,16,17,44,52,60,74,80
51,18,52,53,3,15,19,20,41,49,80,81
52,49,51,80,15,18,50,53,74,75,81
53,41,51,81,3,18,19,20,42,52,65,80,82
54,55,58,219,45,56,57,76,77,79,211,220,221,222
55,45,54,77,46,58,63,76,79,211,219,220,221
56,47,57,222,48,54,58,68,69,213,219,223,224
57,56,58,69,47,48,54,68,71,78,79,219,222
58,54,57,79,55,56,69,71,76,77,78,219,222
59,60,62,187,44,61,72,73,74,75,170,188,189,190,191
60,44,59,75,43,50,62,72,73,74,170,187,188
61,62,63,189,46,59,72,76,77,174,187,190,191
62,59,61,72,60,63,73,74,75,76,77,187,189,190,191
63,46,61,77,45,55,62,72,76,174,189
64,65,67,101,42,66,70,82,86,102,103,104
65,42,64,82,41,53,67,70,81,86,101,102
66,67,68,103,48,64,69,70,71,88,101,104,105
67,64,66,70,65,68,69,71,82,101,103,104
68,48,66,69,47,56,57,67,70,71,88,103,105
69,57,68,71,47,48,56,58,66,67,70,78,79
70,67,71,82,64,65,66,68,69,73,74,78,80,81
71,69,70,78,57,58,66,67,68,73,74,79,80,81,82
72,62,73,76,59,60,61,63,74,75,77,78,79
73,72,74,78,59,60,62,70,71,75,76,79,80,81,82
74,73,75,80,49,50,52,59,60,62,70,71,72,78,81,82
75,50,60,74,43,44,49,52,59,62,72,73,80
76,72,77,79,54,55,58,61,62,63,73,78
77,55,63,76,45,46,54,58,61,62,72,79
78,71,73,79,57,58,69,70,72,74,76,80,81,82
79,58,76,78,54,55,57,69,71,72,73,77
80,52,74,81,49,50,51,53,70,71,73,75,78,82
81,53,80,82,41,42,51,52,65,70,71,73,74,78
82,65,70,81,41,42,53,64,67,71,73,74,78,80
83,1,84,95,2,24,25,26,93,107,125,127,128
84,83,107,128,1,2,95,106,125,127,145,146
85,4,86,92,3,21,22,23,41,42,91,102,120,121
86,42,85,102,3,4,41,64,65,92,101,120,121
87,88,97,214,47,48,96,105,112,213,225,226,227
88,48,87,105,47,66,68,97,103,112,213,214
89,90,100,215,98,110,119,131,132,216,228,229,230
90,89,110,132,100,108,119,131,147,149,215,216
91,21,92,94,4,22,23,24,85,93,120,122
92,85,91,120,4,21,22,23,86,94,102,121,122
93,24,94,95,1,21,25,26,83,91,122,123,124,125
94,91,93,122,21,24,92,95,120,123,124,125
95,83,93,125,1,24,25,26,84,94,107,122,123,124
96,97,99,225,87,98,111,112,115,214,226,227,228
97,87,96,112,88,99,105,111,115,214,225,226,227
98,99,100,228,89,96,115,116,119,215,225,229,230
99,96,98,115,97,100,111,112,116,119,225,228
100,89,98,119,90,99,110,115,116,215,228,229,230
101,64,102,104,42,65,66,67,86,103,114,121
102,86,101,121,42,64,65,85,92,104,114,120
103,66,104,105,48,64,67,68,88,101,111,112,113,114
104,101,103,114,64,66,67,102,105,111,112,113,121
105,88,103,112,48,66,68,87,97,104,111,113,114
106,107,109,145,84,108,124,125,126,128,146,147,148
107,84,106,125,83,95,109,124,126,128,145,146
108,109,110,147,90,106,116,118,119,126,132,145,148,149
109,106,108,126,107,110,116,118,119,124,125,145,147,148
110,90,108,119,89,100,109,116,118,126,132,147,149
111,112,113,115,96,97,99,103,104,105,114,116,117,118
112,97,105,111,87,88,96,99,103,104,113,114,115
113,111,114,117,103,104,105,112,115,116,118,120,121,122,123
114,104,113,121,101,102,103,105,111,112,117,120,122,123
115,99,111,116,96,97,98,100,112,113,117,118,119
116,115,118,119,98,99,100,108,109,110,111,113,117,126
117,113,118,123,111,114,115,116,120,121,122,124,126
118,116,117,126,108,109,110,111,113,115,119,123,124
119,100,110,116,89,90,98,99,108,109,115,118,126
120,92,121,122,85,86,91,94,102,113,114,117,123
121,102,114,120,85,86,92,101,104,113,117,122,123
122,94,120,123,91,92,93,95,113,114,117,121,124,125
123,117,122,124,93,94,95,113,114,118,120,121,125,126
124,123,125,126,93,94,95,106,107,109,117,118,122
125,95,107,124,83,84,93,94,106,109,122,123,126
126,109,118,124,106,107,108,110,116,117,119,123,125
127,2,128,136,1,27,28,29,83,84,135,146,161
128,84,127,146,1,2,83,106,107,136,145,161
129,8,130,139,7,30,31,32,137,151,167,168,171,172
130,129,151,172,7,8,139,150,167,168,171,192
131,132,141,216,89,90,140,149,163,215,231,232,233
132,90,131,149,89,108,110,141,147,163,215,216
133,134,142,217,143,154,155,175,176,218,234,235,236
134,133,154,176,142,143,152,155,175,193,196,217,218
135,27,136,138,2,28,29,30,127,137,160,161,166
136,127,135,161,2,27,28,29,128,138,146,160,166
137,30,138,139,8,27,31,32,129,135,166,167
138,135,137,166,27,30,136,139,160,161,167
139,129,137,167,8,30,31,32,130,138,151,166,168
140,141,144,231,131,142,143,162,163,165,216,232,233,234
141,131,140,163,132,144,149,162,165,216,231,232,233
142,133,143,234,134,140,144,154,155,217,231,235,236
143,142,144,155,133,134,140,154,157,164,165,231,234
144,140,143,165,141,142,155,157,162,163,164,231,234
145,106,146,148,84,107,108,109,128,147,158,159,160,161
146,128,145,161,84,106,107,127,136,148,158,159,160
147,108,148,149,90,106,109,110,132,145,158,162,163
148,145,147,158,106,108,109,146,149,159,160,161,162,163
149,132,147,163,90,108,110,131,141,148,158,162
150,151,153,192,130,152,156,168,172,193,194,195
151,130,150,168,129,139,153,156,167,172,192
152,153,154,193,134,150,155,156,157,176,192,194,195,196
153,150,152,156,151,154,155,157,168,192,193,194,195
154,134,152,155,133,142,143,153,156,157,176,193,196
155,143,154,157,133,134,142,144,152,153,156,164,165
156,153,157,168,150,151,152,154,155,159,160,164,166,167
157,155,156,164,143,144,152,153,154,159,160,165,166,167,168
158,148,159,162,145,146,147,149,160,161,163,164,165
159,158,160,164,145,146,148,156,157,161,162,165,166,167,168
160,159,161,166,135,136,138,145,146,148,156,157,158,164,167,168
161,136,146,160,127,128,135,138,145,148,158,159,166
162,158,163,165,140,141,144,147,148,149,159,164
163,141,149,162,131,132,140,144,147,148,158,165
164,157,159,165,143,144,155,156,158,160,162,166,167,168
165,144,162,164,140,141,143,155,157,158,159,163
166,138,160,167,135,136,137,139,156,157,159,161,164,168
167,139,166,168,129,130,137,138,151,156,157,159,160,164
168,151,156,167,129,130,139,150,153,157,159,160,164,166
169,5,170,181,6,12,13,14,43,44,179,188,199
170,44,169,188,5,6,43,59,60,181,187,199
171,7,172,178,8,9,10,11,129,130,177,192,194,201
172,130,171,192,7,8,129,150,151,178,194,201
173,174,186,212,45,46,184,189,190,210,211,240,241,242
174,46,173,189,45,61,63,186,190,210,211,212
175,176,183,218,133,134,182,196,209,217,237,238,239
176,134,175,196,133,152,154,183,193,209,217,218
177,9,178,180,7,10,11,12,171,179,197,200,201
178,171,177,201,7,9,10,11,172,180,192,194,197,200
179,12,180,181,5,9,13,14,169,177,197,198,199
180,177,179,197,9,12,178,181,198,199,200,201
181,169,179,199,5,12,13,14,170,180,188,197,198
182,183,185,237,175,184,206,207,209,218,238,239,240
183,175,182,209,176,185,196,206,207,218,237,238,239
184,185,186,240,173,182,207,208,210,212,237,241,242
185,182,184,207,183,186,206,208,209,210,237,240
186,173,184,210,174,185,189,190,207,208,212,240,241,242
187,59,188,191,44,60,61,62,170,189,190,198,199,204
188,170,187,199,44,59,60,169,181,191,198,204
189,61,174,190,46,59,62,63,173,186,187,191,210
190,189,191,210,59,61,62,173,174,186,187,203,204,208
191,187,190,204,59,61,62,188,189,198,199,203,208,210
192,150,172,194,130,151,152,153,171,178,193,195,201
193,152,195,196,134,150,153,154,176,192,194,205,206,209
194,192,195,201,150,152,153,171,172,178,193,200,202,205
195,193,194,205,150,152,153,192,196,200,201,202,206,209
196,176,193,209,134,152,154,175,183,195,205,206
197,180,198,200,177,178,179,181,199,201,202,203,204
198,197,199,204,179,180,181,187,188,191,200,202,203
199,181,188,198,169,170,179,180,187,191,197,204
200,197,201,202,177,178,180,194,195,198,203,204,205
201,178,194,200,171,172,177,180,192,195,197,202,205
202,200,203,205,194,195,197,198,201,204,206,207,208
203,202,204,208,190,191,197,198,200,205,206,207,210
204,191,198,203,187,188,190,197,199,200,202,208,210
205,195,202,206,193,194,196,200,201,203,207,208,209
206,205,207,209,182,183,185,193,195,196,202,203,208
207,185,206,208,182,183,184,186,202,203,205,209,210
208,203,207,210,184,185,186,190,191,202,204,205,206
209,183,196,206,175,176,182,185,193,195,205,207
210,186,190,208,173,174,184,185,189,191,203,204,207
211,45,212,221,46,54,55,173,174,219,220,242
212,173,211,242,45,46,174,184,186,221,240,241
213,47,214,224,48,56,87,88,222,223,227
214,87,213,227,47,48,88,96,97,224,225,226
215,89,216,230,90,98,100,131,132,228,229,233
216,131,215,233,89,90,132,140,141,230,231,232
217,133,218,236,134,142,175,176,234,235,239
218,175,217,239,133,134,176,182,183,236,237,238
219,54,220,222,45,55,56,57,58,211,221,223,243,245
220,219,221,243,45,54,55,211,222,223,241,242,244,245
221,211,220,242,45,54,55,212,219,241,243,244
222,56,219,223,47,54,57,58,213,220,224,243,245
223,222,224,245,47,56,213,219,220,226,227,243,246
224,213,223,227,47,56,214,222,226,245,246
225,96,226,228,87,97,98,99,214,227,229,246,249
226,225,227,246,87,96,97,214,223,224,228,229,245,249
227,214,224,226,87,96,97,213,223,225,245,246
228,98,225,229,89,96,99,100,215,226,230,246,249
229,228,230,249,89,98,100,215,225,226,232,233,246,250
230,215,229,233,89,98,100,216,228,232,249,250
231,140,232,234,131,141,142,143,144,216,233,235,248,250
232,231,233,250,131,140,141,216,229,230,234,235,248,249
233,216,230,232,131,140,141,215,229,231,249,250
234,142,231,235,133,140,143,144,217,232,236,248,250
235,234,236,248,133,142,217,231,232,238,239,247,250
236,217,235,239,133,142,218,234,238,247,248
237,182,238,240,175,183,184,185,218,239,241,244,247
238,237,239,247,175,182,183,218,235,236,240,241,244,248
239,218,236,238,175,182,183,217,235,237,247,248
240,184,237,241,173,182,185,186,212,238,242,244,247
241,240,242,244,173,184,186,212,220,221,237,238,243,247
242,212,221,241,173,184,186,211,220,240,243,244
243,220,244,245,219,221,222,223,241,242,246,247,248,249,250
244,241,243,247,220,221,237,238,240,242,245,246,248,249,250
245,223,243,246,219,220,222,224,226,227,244,247,248,249,250
246,226,245,249,223,224,225,227,228,229,243,244,247,248,250
247,238,244,248,235,236,237,239,240,241,243,245,246,249,250
248,235,247,250,231,232,234,236,238,239,243,244,245,246,249
249,229,246,250,225,226,228,230,232,233,243,244,245,247,248
250,232,248,249,229,230,231,233,234,235,243,244,245,246,247
